<?xml version="1.0" encoding="UTF-8"?>
<!DOCTYPE suite SYSTEM "http://testng.org/testng-1.0.dtd">
<suite name="Suite" parallel="classes" thread-count="1">
	<parameter name="browser" value="chrome" />
	<parameter name="Frontend_Server" value="http://kvm-ca-qaframew.ca.kronos.com:3000/tools/suit" />
	<parameter name="Tenant" value="manufacturing" />
	<parameter name="dateFormat" value="MM/dd/yyyy" />
	<parameter name="deepReporting" value="True" />
	<parameter name="timeout" value="30" />
	<test name="Test">
		<groups>
			<run>
			 	<include name="UNIT" /> 
			</run>
		</groups>
		<packages>
			<package name="com.kronos.baseElement" />
		</packages>
		
	</test> <!-- Test -->
</suite> <!-- Suite -->
