<?xml version="1.0" encoding="UTF-8"?>
<!-- *************************************************************************
Log4j configuration file for WFAN PostInstallConfiguration utility.
************************************************************************* -->

<!DOCTYPE log4j:configuration SYSTEM "log4j.dtd">
<log4j:configuration xmlns:log4j="http://jakarta.apache.org/log4j/">
    <appender name="TestAutomation"
        class="org.apache.log4j.RollingFileAppender">
        <param name="File" value="logs/DataSeedingGenerator.log" />
        <param name="Append" value="false" />
        <param name="MaxFileSize" value="5001KB" />
        <param name="MaxBackupIndex" value="10" />
		<param name="Encoding" value="UTF-8" />
		<param name="Threshold" value="DEBUG" />
        <layout class="org.apache.log4j.PatternLayout">
			<param name="ConversionPattern" value="%d [%t] %p - %m%n" />
        </layout>
    </appender>
    <root>
        <appender-ref ref="TestAutomation" />
    </root>
</log4j:configuration>
